dates,stationid,dispx,dispy,dispz,temperature,humidity,rain
08-07-2018,t10,0,0,0,25.46875,82.1875,6.75
09-07-2018,t10,0,0,0,26.19298,83.14912,1761.75
10-07-2018,t10,0,0,0,25.17021,85.34043,652.5
11-07-2018,t10,-0.00283509,0.003721056,0.004961408,,87.68657,963
12-07-2018,t10,-0.00283509,0.003721056,0.004961408,,87.64615,254.25
13-07-2018,t10,-0.00283509,0.003721056,0.004961408,,95.94805,339.75
15-07-2018,,-0.00283509,-0.020377209,-0.122617643,,96.17143,38.25
18-07-2018,t10,-0.00283509,-0.020377209,-0.122617643,21.79487,98.58974,29.25
19-07-2018,t10,0.007796498,0.011871939,-0.111277283,25.09346,,4.5
20-07-2018,t10,0.009214043,0.011163167,,25.39423,90.43269,112.5
21-07-2018,t10,0.009214043,0.011163167,,23.89076,,735.75
22-07-2018,t10,,,,22.5098,99,607.5
23-07-2018,t10,0.009214043,0.011163167,,22.904,98,717.75
24-07-2018,t10,0.009214043,0.011163167,-0.101354468,21.72464,99,513
25-07-2018,,0.009214043,0.011163167,-0.101354468,23.18182,98.9697,195.75
26-07-2018,t10,0.009214043,0.011163167,-0.101354468,21.24272,99,474.75
27-07-2018,t10,0.009214043,0.011163167,-0.101354468,21.62791,99,409.5
28-07-2018,t10,,-0.003721056,,20.90511,99,1161
29-07-2018,t10,0.0567018,-0.003721056,-0.108442193,23.66667,97.80142,0
30-07-2018,t10,0.0567018,-0.003721056,-0.108442193,24.53077,92.9,0
31-07-2018,t10,0.0567018,-0.003721056,-0.108442193,23.40714,98.97857,240.75
01-08-2018,t10,0.0567018,-0.003721056,-0.108442193,22.88652,98.68794,398.25
02-08-2018,t10,0.0567018,-0.003721056,-0.108442193,20,99,2.25
05-08-2018,t10,0.058828118,-0.001594738,-0.117656235,20.32203,99,816.75
06-08-2018,t10,0.058828118,-0.001594738,-0.117656235,20.0493,99,776.25
07-08-2018,t10,,,-0.117656235,19.7234,99,681.75
08-08-2018,t10,0.050322848,0.000531579,-0.120491325,22.33094,99,441
09-08-2018,t10,0.050322848,0.000531579,-0.120491325,23.47482,98.97122,423
10-08-2018,t10,0.050322848,0.000531579,-0.120491325,22.88489,99,108
11-08-2018,,0.050322848,0.000531579,-0.120491325,22.31915,99,76.5
12-08-2018,t10,0.050322848,0.000531579,-0.120491325,22.09774,99,1341
13-08-2018,t10,0.050322848,0.000531579,-0.120491325,21.03053,99,1804.5
14-08-2018,t10,0.050322848,0.000531579,-0.120491325,22.97842,99,0
15-08-2018,t10,0.050322848,0.000531579,-0.120491325,24.23022,98.99281,0
16-08-2018,t10,0.050322848,0.000531579,-0.120491325,23.65942,,135
17-08-2018,t10,0.050322848,0.000531579,-0.120491325,22.44203,99,38.25
18-08-2018,t10,0.050322848,0.000531579,-0.120491325,22.00752,99,2171.25
19-08-2018,t10,0.050322848,0.000531579,-0.120491325,23.34058,99,58.5
20-08-2018,t10,0.050322848,0.000531579,-0.120491325,23.70423,99,742.5
21-08-2018,t10,0.050322848,0.000531579,-0.120491325,21.26761,99,443.25
22-08-2018,t10,0.050322848,0.000531579,-0.120491325,22.97826,99,774
23-08-2018,t10,,,,,,1167.75
24-08-2018,t10,,,,,,1453.5
25-08-2018,t10,,,,,,630
26-08-2018,t10,,,,,,594
27-08-2018,t10,,,,,,0
28-08-2018,t10,0.050322848,0.000531579,-0.120491325,24.6338,98.93662,38.25
29-08-2018,t10,0.050322848,0.000531579,-0.120491325,23.25532,99,65.25
30-08-2018,t10,0.050322848,0.000531579,-0.120491325,22.85315,99,546.75
31-08-2018,t10,0.050322848,0.001240352,-0.121200098,22.52143,99,92.25
01-09-2018,t10,0.050322848,0.001240352,-0.121200098,23.06015,99,900
02-09-2018,,0.050322848,0.001240352,-0.121200098,20.86957,99,634.5
03-09-2018,t10,0.050322848,0.001240352,-0.121200098,21.6015,99,29.25
04-09-2018,t10,0.050322848,0.001240352,-0.121200098,22.55263,99,1091.25
05-09-2018,t10,0.050322848,0.001240352,-0.121200098,22.83019,,13.5
06-09-2018,t10,0.050322848,0.001240352,-0.121200098,23.98473,98.89313,58.5
07-09-2018,t10,0.050322848,0.001240352,-0.121200098,24.47253,97.46154,162
08-09-2018,t10,0.050322848,0.001240352,-0.121200098,22.76336,99,4.5
09-09-2018,t10,0.050322848,0.001240352,-0.121200098,23.05674,99,0
10-09-2018,t10,,,-0.223263338,23.71901,98.95868,54
11-09-2018,t10,0.090014108,0.032426342,-0.223263338,23.01724,99,157.5
12-09-2018,t10,0.090014108,0.032426342,-0.223263338,22.29927,97.23358,87.75
13-09-2018,t10,0.090014108,0.032426342,-0.223263338,21.42857,99,366.75
14-09-2018,t10,0.090014108,0.032426342,-0.223263338,20.84211,98.14286,382.5
15-09-2018,t10,0.090014108,0.032426342,-0.223263338,20.42857,99,0
16-09-2018,t10,0.090014108,0.032426342,-0.223263338,22.45985,90.43796,0
17-09-2018,t10,0.090014108,0.032426342,-0.223263338,21.9021,90.54545,0
18-09-2018,t10,0.090014108,0.032426342,-0.223263338,21.87857,91.54286,0
19-09-2018,t10,0.090014108,0.032426342,-0.223263338,22.77372,88.33577,0
20-09-2018,t10,0.090014108,0.032426342,-0.223263338,23.32857,85.64286,0
21-09-2018,t10,0.087533404,0.030477218,-0.219010703,21.64286,99,589.5
22-09-2018,t10,0.087533404,0.030477218,-0.219010703,17.65385,99,207
23-09-2018,t10,0.087533404,0.030477218,-0.219010703,17.34,99,281.25
24-09-2018,t10,0.087533404,0.030477218,-0.219010703,15.96992,,1215
25-09-2018,t10,,,-0.219010703,20.80741,95.76296,2.25
26-09-2018,t10,,,-0.219010703,22.37857,90.69286,0
27-09-2018,,,,-0.219010703,21.76471,94.65441,0
28-09-2018,t10,,,-0.219010703,19.97872,98.93617,0
29-09-2018,t10,,,-0.219010703,21.92701,89.9635,0
30-09-2018,t10,,,-0.219010703,21.86765,88.70588,0
01-10-2018,t10,,,-0.219010703,21.7234,84.13475,0
02-10-2018,t10,0.087533404,0.030477218,-0.219010703,21.58993,81.10072,0
03-10-2018,t10,0.087533404,0.030477218,-0.219010703,21.41135,80.76596,0
04-10-2018,t10,0.087533404,0.030477218,-0.219010703,20.15603,80.41844,74.25
05-10-2018,t10,0.087533404,0.030477218,-0.219010703,20.05072,76.53623,0
06-10-2018,t10,0.087533404,0.030477218,-0.219010703,20.38129,70.5036,0
07-10-2018,t10,0.087533404,0.030477218,-0.219010703,19.84173,76.4964,0
08-10-2018,t10,0.087533404,0.030477218,-0.219010703,20.05882,78.66912,0
09-10-2018,t10,0.087533404,0.030477218,-0.219010703,20.26812,72.2029,0
10-10-2018,t10,0.087533404,0.030477218,-0.219010703,20.77857,67.38571,24.75
11-10-2018,t10,,,-0.219010703,17.71223,87.72662,315
12-10-2018,t10,0.087533404,0.030477218,-0.219010703,18.55714,82.97857,0
13-10-2018,t10,0.087533404,0.030477218,-0.219010703,18.43662,82.66197,0
14-10-2018,t10,0.087533404,0.030477218,-0.219010703,18.40714,82.82857,0
15-10-2018,t10,0.087533404,0.030477218,-0.219010703,18.36879,80.40426,0
16-10-2018,t10,0.087533404,0.030477218,,18.99275,,0
17-10-2018,t10,0.087533404,0.030477218,,19.68613,,0
18-10-2018,t10,0.087533404,0.030477218,,19.69286,,0
19-10-2018,t10,0.087533404,0.030477218,,19.29078,,0
20-10-2018,t10,0.087533404,0.030477218,,18.57971,,0
21-10-2018,t10,0.087533404,0.030477218,-0.219010703,17.94245,69.70504,0
22-10-2018,,0.087533404,0.030477218,-0.219010703,17.59712,62.07914,0
23-10-2018,t10,0.087533404,0.030477218,-0.219010703,17.73571,57.10714,0
24-10-2018,t10,0.087533404,0.030477218,-0.219010703,16.46923,60.64615,0
25-10-2018,t10,0.087533404,0.030477218,-0.219010703,17.33094,65.41727,0
26-10-2018,t10,0.087533404,0.030477218,-0.219010703,17.74101,67.42446,0
27-10-2018,t10,0.087533404,0.030477218,-0.219010703,17.48227,,0
28-10-2018,t10,0.087533404,0.030477218,-0.219010703,18.35714,72.72857,0
29-10-2018,t10,0.087533404,0.030477218,-0.219010703,18.2695,76.35461,0
30-10-2018,t10,0.087533404,0.030477218,-0.219010703,18,84.66429,0
31-10-2018,t10,0.087533404,0.030477218,-0.219010703,18.97015,78.98507,0
01-11-2018,t10,0.087533404,0.030477218,-0.219010703,17.03101,94.0155,0
02-11-2018,t10,0.087533404,0.030477218,-0.219010703,14.69369,90.10811,0
06-11-2018,t10,0.087533404,0.030477218,-0.219010703,13.97872,89.46809,0
07-11-2018,t10,0.087533404,0.030477218,-0.219010703,15.8626,77.55725,0
08-11-2018,t10,0.087533404,0.030477218,-0.219010703,14.70079,82.61417,0
09-11-2018,t10,0.087533404,0.030477218,-0.219010703,15.41085,81.10078,0
10-11-2018,t10,0.087533404,0.030477218,-0.219010703,15.49612,83.48062,0
11-11-2018,t10,0.087533404,0.030477218,-0.219010703,14.36585,83.86179,0
12-11-2018,t10,0.087533404,0.030477218,-0.219010703,16.03676,66.22794,0
13-11-2018,t10,0.087533404,0.030477218,-0.219010703,13.28689,85.56557,0
17-11-2018,t10,0.087533404,0.030477218,-0.219010703,14.20635,,0
18-11-2018,t10,,,-0.219010703,15.1875,79.20139,0
19-11-2018,t10,0.087533404,0.030477218,-0.219010703,16.27972,76.74126,0
20-11-2018,t10,0.087533404,0.030477218,-0.219010703,15.46479,80.73944,0
21-11-2018,t10,0.087533404,0.030477218,-0.219010703,15.41791,80.20149,0
22-11-2018,t10,0.087533404,0.030477218,-0.219010703,14.34752,86.14184,0
23-11-2018,t10,0.087533404,0.030477218,-0.219010703,14.60839,82.06993,0
24-11-2018,t10,0.087533404,0.030477218,-0.219010703,15.74648,78.28873,0
25-11-2018,t10,0.087533404,0.030477218,-0.219010703,17.17647,69.68627,0
05-07-2018,t11,,,,22.05,83.65,0
06-07-2018,t11,,,,26.86029,64.97059,0
07-07-2018,t11,,,,29.31304,62.42609,0
08-07-2018,t11,,,,23.53846,61.92308,3
09-07-2018,t11,,,,26.8494,61.10241,15
10-07-2018,t11,,,,27.88806,75.07463,13583.25
11-07-2018,t11,0.034729853,-0.058119345,0.01984563,27.35915,76.02113,19768.5
12-07-2018,t11,-1.598281988,0.341628345,0.01984563,28.24031,71.54264,0
13-07-2018,t11,-1.572057405,0.340447058,0.1134036,25.5,78.40278,20.25
14-07-2018,t11,-1.572057405,0.340447058,0.1134036,28.3007,71.36364,0
15-07-2018,t11,-1.572057405,0.340447058,0.1134036,29.09286,69.27143,13.5
16-07-2018,t11,-1.572057405,0.340447058,0.1134036,24.92308,85.0979,1260
17-07-2018,t11,-1.572057405,0.340447058,0.1134036,26.52857,80.95714,324
18-07-2018,t11,-1.572057405,0.340447058,0.1134036,28.1223,73.86331,40.5
19-07-2018,t11,-1.594029353,0.339738285,0.12757905,29.08271,71.09023,24.75
20-07-2018,t11,-1.594029353,0.339738285,0.12757905,28.32867,74.71329,679.5
21-07-2018,t11,-1.594029353,0.339738285,0.12757905,27.32168,76.97902,13.5
22-07-2018,t11,-1.594029353,0.339738285,0.12757905,25.50649,84.90909,0
27-07-2018,t11,-1.594029353,0.339738285,0.12757905,25.00295,85.78909,9
28-07-2018,t11,-1.594029353,0.339738285,0.12757905,23.76852,88.08333,130.5
01-08-2018,t11,-1.635138158,0.487162965,-0.205544025,26.6,75.4,24.75
05-08-2018,t11,-1.635138158,0.487162965,-0.205544025,24,91,0
11-08-2018,t11,-1.624152184,0.496377008,-0.172586104,27.11321,82.71698,2.25
12-08-2018,t11,-1.624152184,0.496377008,-0.172586104,25.80645,85.29032,22.5
13-08-2018,t11,-1.624152184,0.496377008,-0.172586104,24.59375,88.02083,159.75
14-08-2018,t11,-1.624152184,0.496377008,-0.172586104,27.45882,77.25882,0
15-08-2018,t11,-1.624152184,0.496377008,-0.172586104,27.95699,74.6129,0
16-08-2018,t11,-1.624152184,0.496377008,-0.172586104,27.61856,79.79381,0
17-08-2018,t11,-1.624152184,,,,,9
18-08-2018,t11,-1.624152184,,,,,4.5
19-08-2018,t11,-1.624152184,0.496377008,-0.172586104,27.70588,79.43697,0
20-08-2018,t11,-1.624152184,0.496377008,-0.172586104,27.48936,81.85106,4.5
21-08-2018,t11,-1.624152184,0.496377008,-0.172586104,24.12745,90.60784,24.75
22-08-2018,t11,-1.624152184,0.496377008,-0.172586104,26.81061,83.68939,0
23-08-2018,t11,-1.624152184,0.496377008,-0.172586104,25.46479,,63
24-08-2018,t11,-1.624152184,0.496377008,-0.172586104,24.43836,90.41096,2.25
25-08-2018,t11,-1.624152184,0.496377008,-0.172586104,23.08772,90.40351,58.5
26-08-2018,t11,-1.624152184,0.496377008,-0.172586104,24.9863,84.78082,9
27-08-2018,t11,-1.624152184,0.496377008,-0.172586104,26.84211,80.60526,0
28-08-2018,t11,-1.624152184,0.496377008,-0.172586104,27.66981,78.91509,0
29-08-2018,t11,-1.624152184,0.496377008,-0.172586104,27.60563,80.99296,20.25
30-08-2018,t11,-1.624152184,0.496377008,-0.172586104,27.37755,79.88776,0
31-08-2018,t11,,,,,,
01-09-2018,t11,-0.830326984,0.574341983,-0.236375629,27.51969,79.58268,45
02-09-2018,t11,-0.830326984,0.574341983,-0.236375629,25.26667,88.57143,9
03-09-2018,t11,-0.830326984,0.574341983,-0.236375629,25.45455,87.03788,6.75
04-09-2018,t11,-0.830326984,0.574341983,-0.236375629,24.79167,86.79167,0
05-09-2018,t11,-0.944581111,0.584548307,-0.359418535,26.63415,80.08537,2.25
06-09-2018,t11,-0.944581111,0.584548307,-0.359418535,26.56693,74.88189,0
07-09-2018,t11,-0.944581111,0.584548307,-0.359418535,26.50667,75.45333,0
08-09-2018,t11,-0.944581111,0.584548307,-0.359418535,25.9084,76.63359,0
09-09-2018,t11,-0.944581111,0.584548307,-0.359418535,26.21429,81.82857,13.5
10-09-2018,t11,-0.944581111,0.584548307,-0.359418535,25.70667,80.53333,0
11-09-2018,t11,-0.944581111,0.584548307,-0.359418535,22.91667,90.95833,0
12-09-2018,t11,,,-0.359418535,,91.70588,
13-09-2018,t11,-0.941391635,0.595888667,-0.331776407,22.88095,90.11905,9
14-09-2018,t11,-0.941391635,0.595888667,-0.331776407,19.04,90.76,0
15-09-2018,t11,-0.941391635,0.595888667,-0.331776407,25.30534,74.15267,0
16-09-2018,t11,-0.94280918,0.593762349,-0.331067635,24.23077,70.65035,0
17-09-2018,t11,-0.94280918,,,,,0
18-09-2018,t11,-0.94280918,0.593762349,-0.331067635,25.61386,63.61386,0
19-09-2018,t11,-0.94280918,0.593762349,-0.331067635,26.17284,58.2963,0
20-09-2018,t11,-0.94280918,0.593762349,-0.331067635,21.75,60.43182,0
21-09-2018,t11,-0.94280918,0.593762349,-0.331067635,26.11957,66.26087,0
05-07-2018,t12,0,0,0,21,93.5,0
09-07-2018,t12,0.610961895,0.588281175,0.671207558,25.55238,31,1
13-07-2018,t12,0.610961895,0.588281175,0.671207558,25.55238,31,0
16-07-2018,t12,-2.045517435,-2.014331445,-1.796738288,25.55238,86.9619,47.25
17-07-2018,t12,-2.045517435,-2.014331445,-1.796738288,24.55639,92.56391,1710
18-07-2018,t12,-2.045517435,-2.014331445,-1.796738288,25.97674,88.37209,15459.75
19-07-2018,t12,-2.045517435,-2.014331445,-1.796738288,27.4,,14001.75
20-07-2018,t12,-2.045517435,-2.014331445,-1.796738288,26.42958,90.66197,16571.25
21-07-2018,t12,-2.045517435,-2.014331445,-1.796738288,25.27536,94.18116,1183.5
22-07-2018,t12,-2.045517435,-2.014331445,-1.796738288,24.73611,,1962
23-07-2018,t12,-2.045517435,-2.014331445,-1.796738288,24.39024,94.4065,1071
24-07-2018,t12,-2.045517435,-2.014331445,-1.796738288,24.16197,97.66901,438.75
25-07-2018,t12,-2.045517435,-2.014331445,-1.796738288,25.29323,94.84211,13666.5
26-07-2018,t12,-2.045517435,,,,,864
27-07-2018,t12,-2.045517435,,,,,816.75
28-07-2018,t12,-2.045517435,,,,,796.5
29-07-2018,t12,-2.045517435,-2.014331445,-1.796738288,25.5,92.52817,2.25
30-07-2018,t12,-2.045517435,-2.014331445,-1.796738288,25.83206,88.25954,0
31-07-2018,t12,-2.045517435,-2.014331445,-1.796738288,25.77465,91.26056,81
01-08-2018,t12,-2.045517435,-2.014331445,-1.796738288,25.36691,91.17986,191.25
02-08-2018,t12,-2.045517435,-2.014331445,-1.796738288,25.68148,91.37778,76.5
03-08-2018,t12,-2.045517435,-2.014331445,-1.796738288,26.77305,90.69504,6.75
04-08-2018,t12,-2.045517435,-2.014331445,-1.796738288,22.89286,99,4.5
11-08-2018,t12,-2.045517435,-2.014331445,-1.797092674,24.70769,98.70769,0
12-08-2018,t12,-2.045517435,-2.014331445,-1.797092674,23.90278,98.23611,202.5
13-08-2018,t12,-2.045517435,-2.014331445,-1.797092674,22.09929,99,1611
14-08-2018,t12,-2.045517435,-2.014331445,-1.797092674,24.96479,93.75352,0
15-08-2018,t12,-2.045517435,-2.014331445,-1.797092674,25.11268,93.42958,0
16-08-2018,t12,-2.045517435,-2.014331445,-1.797092674,25.47183,95.47183,56.25
17-08-2018,,-2.045517435,-2.014331445,-1.797092674,25.00709,95.50355,38.25
18-08-2018,t12,-2.045517435,-2.014331445,-1.797092674,24.04965,98.95745,24.75
19-08-2018,t12,-2.045517435,-2.014331445,-1.797092674,25.90972,93.41667,0
20-08-2018,t12,,-2.014331445,-1.797092674,25.58741,95.84615,92.25
21-08-2018,t12,-2.045517435,-2.014331445,-1.797092674,23.48571,98.89286,353.25
22-08-2018,t12,-2.045517435,-2.014331445,-1.797092674,25.30496,96.91489,4.5
23-08-2018,t12,-2.045517435,-2.014331445,-1.797092674,23.52113,99,533.25
24-08-2018,t12,-2.045517435,-2.014331445,-1.797092674,23.79433,98.41844,213.75
25-08-2018,t12,-2.045517435,-2.014331445,,24.23077,95.67133,434.25
26-08-2018,t12,-2.045517435,-2.014331445,-1.797092674,24.35211,96.46479,191.25
27-08-2018,t12,,-2.014331445,,26.17857,,
28-08-2018,t12,-2.045517435,-2.014331445,-1.797092674,26.40559,94.02797,0
29-08-2018,t12,-2.045517435,-2.014331445,-1.797092674,25.48592,96.12676,202.5
30-08-2018,t12,-2.045517435,-2.014331445,-1.797092674,24.41667,98,67.5
31-08-2018,t12,-2.045517435,-2.014331445,-1.797092674,23.72727,98.6993,594
01-09-2018,t12,-2.045517435,-2.014331445,-1.797092674,24.93056,96.49306,409.5
02-09-2018,t12,-2.045517435,-2.014331445,-1.797092674,22.45775,99,139.5
03-09-2018,t12,-2.045517435,-2.014331445,-1.797092674,23.14685,99,13.5
04-09-2018,t12,-2.045517435,-2.014331445,-1.797092674,22.74265,98.26471,99
05-09-2018,t12,-2.045517435,-2.014331445,-1.797092674,22.85211,98.97183,13.5
06-09-2018,t12,-2.045517435,-2.014331445,-1.797092674,23.97203,97.67832,2.25
07-09-2018,t12,-2.045517435,-2.014331445,-1.797092674,22.93571,95.49286,189
08-09-2018,t12,-2.045517435,-2.014331445,-1.797092674,23.23239,,0
09-09-2018,t12,-2.045517435,-2.014331445,-1.797092674,23.87324,97.01408,333
10-09-2018,t12,-2.045517435,-2.014331445,-1.797092674,24.34965,96.6993,33.75
11-09-2018,t12,-2.045517435,-2.014331445,-1.797092674,22.8951,97.69231,468
12-09-2018,t12,-2.045517435,-2.014331445,-1.797092674,23.48175,93.68613,0
13-09-2018,t12,-2.045517435,-2.014331445,-1.797092674,22.79861,97.5,222.75
14-09-2018,t12,-2.045517435,-2.014331445,-1.797092674,21.51128,94.36842,6.75
15-09-2018,t12,-2.045517435,-2.014331445,-1.797092674,22.27465,95.66197,0
16-09-2018,t12,-2.045517435,-2.014331445,-1.797092674,22.44366,88.35211,0
17-09-2018,t12,-2.045517435,-2.014331445,-1.797092674,22.02098,86.67133,0
18-09-2018,t12,-2.045517435,-2.014331445,-1.797092674,22.1958,86.65035,0
19-09-2018,t12,-2.045517435,-2.014331445,-1.797092674,23.6383,82.44681,0
20-09-2018,t12,-2.045517435,-2.014331445,-1.797092674,24.30986,78.67606,0
21-09-2018,t12,-2.045517435,-2.014331445,-1.797092674,24.57343,85.91608,11.25
22-09-2018,t12,-2.045517435,-2.014331445,-1.797092674,17.58571,99,162
23-09-2018,t12,-2.045517435,-2.014331445,-1.797092674,17.44681,99,15.75
24-09-2018,t12,-2.045517435,-2.014331445,-1.797092674,15.93007,99,9
25-09-2018,t12,-2.045517435,-2.014331445,-1.797092674,20.71831,88.71127,4.5
26-09-2018,t12,-2.045517435,-2.014331445,-1.797092674,22.65957,85.90071,2.25
27-09-2018,t12,-2.045517435,,-1.797092674,22.1338,85.6338,4.5
28-09-2018,t12,-2.045517435,-2.014331445,-1.797092674,20.40972,91.5625,263.25
29-09-2018,t12,-2.045517435,-2.014331445,-1.797092674,21.8169,86.06338,0
30-09-2018,t12,-2.045517435,-2.014331445,-1.797092674,21.44444,86.74306,0
01-10-2018,t12,-2.045517435,-2.014331445,-1.797092674,21.67133,84,0
02-10-2018,t12,-2.045517435,-2.014331445,-1.797092674,21.08451,74.44366,0
03-10-2018,t12,-2.045517435,-2.014331445,-1.797092674,21.33566,72.51748,0
04-10-2018,t12,-2.045517435,-2.014331445,-1.797092674,21.16429,64.17857,0
05-10-2018,t12,-2.045517435,-2.014331445,-1.797092674,20.34722,,0
06-10-2018,t12,-2.045517435,-2.014331445,-1.797092674,19.65734,64.42657,0
07-10-2018,t12,-2.045517435,-2.014331445,-1.797092674,20.32867,68.13287,0
08-10-2018,t12,-2.045517435,-2.014331445,-1.797092674,20.02113,74.8662,0
09-10-2018,t12,-2.045517435,-2.014331445,-1.797092674,20.69444,55.63889,0
10-10-2018,t12,-2.045517435,-2.014331445,-1.797092674,20.03521,50.77465,6.75
11-10-2018,t12,-2.045517435,-2.014331445,-1.797092674,15.47887,83.57746,0
12-10-2018,t12,-2.045517435,-2.014331445,-1.797092674,18.31469,81.73427,0
13-10-2018,t12,-2.045517435,-2.014331445,-1.797092674,18.125,81.32639,0
14-10-2018,t12,-2.045517435,-2.014331445,-1.797092674,18.04895,80.82517,0
15-10-2018,t12,-2.045517435,-2.014331445,-1.797092674,18.22378,74.1958,0
16-10-2018,t12,-2.045517435,-2.014331445,-1.797092674,18.56028,63.29787,0
17-10-2018,t12,-2.045517435,-2.014331445,-1.797092674,17.97222,58.71528,0
18-10-2018,t12,-2.045517435,-2.014331445,-1.797092674,19.30556,57.45139,0
19-10-2018,t12,-2.045517435,-2.014331445,-1.797092674,20,49.40972,0
20-10-2018,t12,-2.045517435,-2.014331445,-1.797092674,18.9375,53.94444,0
21-10-2018,t12,-2.045517435,-2.014331445,-1.797092674,18.97887,52.02113,0
22-10-2018,t12,-2.045517435,-2.014331445,-1.797092674,18.00699,53.74126,0
23-10-2018,t12,-2.045517435,-2.014331445,-1.797092674,17.38889,49.10417,0
24-10-2018,t12,-2.045517435,-2.014331445,-1.797092674,17.83036,53.67857,0
25-10-2018,t12,-2.045517435,-2.014331445,-1.797092674,17.35417,52.27083,0
26-10-2018,t12,-2.045517435,-2.014331445,-1.797092674,17.35915,55.43662,0
27-10-2018,t12,-2.045517435,-2.014331445,-1.797092674,12.57143,61.57143,0
31-10-2018,t12,-2.045517435,-2.014331445,-1.797092674,16.02326,84.37209,0
01-11-2018,t12,-2.045517435,-2.014331445,-1.797092674,16.26866,80.1194,0
02-11-2018,t12,-2.045517435,-2.014331445,-1.797092674,13.21642,83.6194,0
03-11-2018,t12,,-2.014331445,-1.797092674,11.27778,97.44444,0
04-11-2018,t12,-1.966134915,-1.983145455,,,82.41481,
05-11-2018,t12,-1.966134915,-1.983145455,-1.882145374,15.00746,76.79851,0
06-11-2018,t12,-1.966134915,-1.986689318,-1.892776961,14.85714,73.8797,0
07-11-2018,t12,-1.96755246,-1.9861223,-1.891075907,14.6,69.61538,0
08-11-2018,t12,-1.964362984,-1.9861223,-1.891075907,14.10526,77.25564,0
09-11-2018,t12,-1.964362984,-1.9861223,-1.891075907,15.47727,70.69697,0
10-11-2018,t12,-1.964362984,-1.9861223,-1.891075907,15.63359,71.32061,0
11-11-2018,t12,-1.964362984,-1.9861223,-1.891075907,13.95522,64.8806,0
12-11-2018,t12,-1.964362984,-1.9861223,-1.891075907,17.06716,50.52985,0
13-11-2018,t12,-1.964362984,-1.9861223,-1.891075907,14.44444,,0
14-11-2018,t12,-1.964362984,-1.9861223,-1.891075907,14.08209,76.37313,0
15-11-2018,t12,-1.964362984,-1.9861223,-1.891075907,12.02239,82.50746,0
16-11-2018,t12,-1.964362984,-1.9861223,-1.891075907,,75.74627,0
17-11-2018,t12,-1.964362984,-1.996045115,-1.92580576,13.05263,73.4812,0
18-11-2018,t12,-1.964362984,-1.996551381,-1.927223305,14.18045,,0
19-11-2018,t12,-1.964362984,-1.993716291,-1.918718035,15.30597,64.90299,0
20-11-2018,t12,-1.966489301,-1.993716291,-1.918718035,15.15909,66.25,0
21-11-2018,t12,-1.964362984,-1.993716291,-1.918718035,14.63492,59.45238,0
22-11-2018,t12,-1.964362984,-1.995133836,-1.92297067,13.14286,68.75188,0
23-11-2018,t12,-1.964362984,-1.994779449,-1.921907511,13.54478,62.60448,0
24-11-2018,t12,-1.964362984,-1.994779449,-1.921907511,14.58015,54.17557,0
25-11-2018,t12,-1.964362984,-1.994779449,-1.921907511,16.18557,51.61856,0
09-07-2018,t13,,2.13E-07,0,31.375,56.41667,459
10-07-2018,t13,0.033312308,-0.029295717,0.016301768,29.225,69.15,59982.75
11-07-2018,t13,0.033312308,-0.029295717,0.016301768,29.00709,66.64539,80000
12-07-2018,t13,0.033312308,-0.029295717,0.016301768,29.16541,66.48872,75048.75
13-07-2018,t13,0.033312308,-0.029295717,0.016301768,23.152,66.96,158
14-07-2018,t13,,-0.029295717,0.016301768,26.75,64.76316,0
19-07-2018,t13,-0.065915843,-0.003779907,-0.227515973,27.92857,65.76316,126
20-07-2018,t13,2.202156158,-0.281618727,-0.153803633,31.0438,66.76316,272.25
28-09-2018,t13,2.08662624,-0.291452946,-0.112429038,22.86957,62,0
29-09-2018,t13,2.08662624,-0.291452946,-0.112429038,22.27551,60.83673,0
30-09-2018,t13,2.08662624,-0.291452946,-0.112429038,22.60833,59.425,0
01-10-2018,t13,2.964795368,0.078526299,-0.91830337,,,0
02-10-2018,t13,3.160416578,-0.601895301,-0.90885307,21.38983,57.67797,0
18-10-2018,t13,3.101352203,-0.605675421,-0.86221584,20.38865,53.75546,0
19-10-2018,t13,3.101352203,-0.605675421,-0.86221584,17.14286,59.66667,0
20-10-2018,t13,3.101352203,-0.605675421,-0.86221584,16.56303,59.66387,0
21-10-2018,t13,3.101352203,-0.605675421,-0.86221584,16.53383,57.93233,0
22-10-2018,t13,3.101352203,-0.605675421,-0.86221584,13,61.03704,0
29-10-2018,t13,3.101352203,-0.605675421,-0.86221584,26.7619,31.07143,6.75
31-10-2018,t13,8.885644575,2.697913202,-0.86221584,19.55319,51.12766,0
01-11-2018,t13,8.885644575,2.697913202,-0.894110602,16.73881,54.74627,0
02-11-2018,t13,8.885644575,2.697913202,-0.894110602,12.72727,66.02273,0
03-11-2018,t13,8.885644575,2.697913202,-0.894110602,12.72727,34.26923,0
04-11-2018,t13,8.885644575,2.697913202,-0.894110602,12.72727,34.26923,0
05-11-2018,t13,3.102769748,-0.604257876,-0.892693057,12.72727,34.26923,0
06-11-2018,t13,3.102769748,-0.604257876,-0.888440422,,34.26923,0
07-11-2018,t13,3.102769748,-0.604257876,-0.888440422,12.72727,34.26923,0
08-11-2018,t13,3.102769748,-0.604257876,-0.889503581,,,0
09-11-2018,t13,3.102769748,-0.604966648,-0.890921126,12.72727,34.26923,0
10-11-2018,t13,3.102769748,-0.604966648,-0.890921126,12.72727,34.26923,0
11-11-2018,t13,3.105604838,-0.602131558,-0.889503581,12.72727,34.26923,0
12-11-2018,t13,3.094264478,-0.602131558,-0.846977231,12.72727,34.26923,0
13-11-2018,t13,3.094264478,-0.794917678,-1.584986597,12.72727,34.26923,0
14-11-2018,t13,3.094264478,-0.794917678,-1.584986597,12.72727,34.26923,0
15-11-2018,t13,3.094264478,-0.793666903,-1.574063162,12.72727,34.26923,0
16-11-2018,t13,3.094264478,-0.793666903,-1.574063162,12.72727,34.26923,0
17-11-2018,t13,,-0.793666903,-1.574063162,12.72727,34.26923,0
18-11-2018,t13,3.102769748,-0.786933565,-1.57512632,12.72727,34.26923,0
19-11-2018,t13,3.102769748,-0.786933565,-1.57512632,12.72727,34.26923,0
20-11-2018,t13,3.102769748,-0.786933565,-1.57512632,12.72727,34.26923,0
21-11-2018,t13,3.102769748,-0.786933565,-1.57512632,12.72727,34.26923,0
22-11-2018,t13,3.102769748,-0.786933565,-1.57512632,12.72727,34.26923,0
23-11-2018,t13,3.102769748,-0.786933565,-1.57512632,12.72727,34.26923,0
24-11-2018,t13,3.102769748,-0.786933565,-1.57512632,12.72727,,0
25-11-2018,t13,3.102769748,-0.786933565,-1.57512632,12.72727,34.26923,0
05-07-2018,t14,,,,,85.83019,114.75
06-07-2018,t14,,,,,67.31646,
07-07-2018,t14,,,,,68.20755,
08-07-2018,t14,,,,,69.15094,
09-07-2018,t14,-0.177193125,-0.060954435,0.154512405,29.23529,68.10084,80000
11-07-2018,t14,-0.69459705,2.14332804,-0.88738317,19.88462,75.07692,38.25
12-07-2018,t14,-0.69459705,2.14332804,-0.88738317,24.64407,93.33898,2.25
13-07-2018,t14,-0.69459705,2.14332804,-0.88738317,25.53226,90.06452,0
14-07-2018,t14,-0.69459705,2.14332804,-0.88738317,26.88811,83.0979,0
15-07-2018,t14,-0.69459705,2.14332804,-0.88738317,24.12903,93.87097,0
19-07-2018,t14,-0.136651338,1.985697036,-0.946353042,28.40323,85.33871,6.75
20-07-2018,t14,-0.136651338,1.985697036,-0.946353042,25.53333,93.85926,621
21-07-2018,t14,-0.136651338,1.985697036,-0.946353042,25.33571,95.82143,4.5
22-07-2018,t14,-0.136651338,1.985697036,-0.946353042,24.52143,,63
23-07-2018,t14,-0.136651338,1.985697036,-0.946353042,25.18182,95.22727,2.25
24-07-2018,t14,-0.167837328,1.998100555,-0.98533553,24.28148,97.85185,587.25
25-07-2018,t14,-0.167837328,1.998100555,-0.98533553,25.32353,95.41176,468
26-07-2018,t14,-0.167837328,1.998100555,-0.98533553,22.95556,99,1111.5
27-07-2018,t14,-0.167837328,1.998100555,-0.98533553,22.57798,98.79817,778.5
28-07-2018,t14,-0.167837328,1.998100555,-0.98533553,22.29661,99,987.75
29-07-2018,t14,-0.167837328,1.998100555,-0.98533553,25.82857,91.12143,6.75
30-07-2018,t14,-0.167837328,1.998100555,-0.98533553,25.87786,87.73282,0
31-07-2018,t14,-0.167837328,,-0.98533553,25.20863,91.51079,623.25
01-08-2018,t14,-0.167837328,1.998100555,-0.98533553,24.58993,,330.75
02-08-2018,t14,-0.167837328,1.998100555,-0.98533553,24.89362,93.97163,18
03-08-2018,t14,-0.167837328,1.998100555,-0.98533553,25.51748,95.86713,2.25
04-08-2018,t14,-0.167837328,1.998100555,-0.98533553,24.30882,99,119.25
05-08-2018,t14,,1.998100555,-0.98533553,21.85185,99,1075.5
06-08-2018,t14,-0.167837328,1.998100555,-0.98533553,,99,308.25
07-08-2018,t14,-0.167837328,1.998100555,-0.98533553,21.08088,99,337.5
08-08-2018,t14,-0.141612746,1.98250756,-0.986044302,,98.91489,2.25
09-08-2018,t14,-0.141612746,1.98250756,-0.986044302,24.8209,97.78358,1617.75
10-08-2018,t14,-0.141612746,1.98250756,-0.986044302,24.26056,98.8662,0
11-08-2018,t14,-0.141612746,1.98250756,-0.986044302,23.8169,99,144
12-08-2018,t14,-0.141612746,1.98250756,-0.986044302,23.49645,99,402.75
13-08-2018,t14,-0.141612746,1.98250756,-0.986044302,22.26241,99,2414.25
14-08-2018,t14,-0.141612746,1.98250756,-0.986044302,24.87234,96.03546,11.25
15-08-2018,t14,-0.141612746,1.98250756,-0.986044302,24.48571,95.95,0
16-08-2018,t14,-0.141612746,1.98250756,-0.986044302,25.6338,96.53521,67.5
17-08-2018,t14,-0.141612746,1.98250756,-0.986044302,24.82394,97.64789,0
18-08-2018,t14,-0.141612746,1.98250756,-0.986044302,23.79286,99,92.25
19-08-2018,t14,-0.141612746,1.98250756,-0.986044302,25.68345,95.53237,0
20-08-2018,t14,-0.141612746,1.98250756,-0.986044302,25.06475,98.25899,220.5
21-08-2018,t14,-0.141612746,1.98250756,-0.986044302,12.14815,52.06667,1044
22-08-2018,t14,-0.141612746,1.98250756,-0.986044302,15,31,0
23-08-2018,t14,-0.141612746,1.98250756,-0.986044302,18.52,79.2,211.5
24-08-2018,t14,-0.141612746,1.98250756,-0.986044302,18,31,285.75
25-08-2018,t14,-0.141612746,1.98250756,-0.986044302,18.47619,91.35714,400.5
26-08-2018,t14,-0.141612746,1.98250756,-0.986044302,21,95,693
27-08-2018,t14,-0.141612746,1.98250756,-0.986044302,24.2973,99,0
28-08-2018,t14,-0.141612746,1.98250756,-0.986044302,27.81579,93.92105,0
29-08-2018,t14,-0.141612746,1.98250756,-0.986044302,24.85,99,0
30-08-2018,t14,-0.141612746,1.98250756,-0.986044302,26.95522,98.14925,18
31-08-2018,t14,-0.141612746,1.98250756,-0.986044302,21.89189,99,1426.5
01-09-2018,t14,-0.141612746,1.98250756,-0.986044302,25.51376,95.46789,15.75
02-09-2018,t14,-0.141612746,1.98250756,-0.986044302,23.5,99,87.75
03-09-2018,t14,-0.141612746,1.98250756,-0.986044302,22.13158,99,2.25
04-09-2018,t14,-0.141612746,1.98250756,-0.986044302,23.4,99,11.25
05-09-2018,t14,-0.141612746,1.98250756,-0.986044302,,99,0
06-09-2018,t14,-0.141612746,1.98250756,-0.986044302,,98.97248,18
07-09-2018,t14,,1.98250756,-0.986044302,,99,
08-09-2018,t14,-0.141612746,1.98250756,-0.986044302,21.96226,98.95283,0
09-09-2018,t14,-0.141612746,1.98250756,-0.986044302,20.88889,97.16667,551.25
10-09-2018,t14,-0.141612746,1.98250756,-0.986044302,22.65385,99,13.5
11-09-2018,t14,-0.141612746,1.98250756,-0.986044302,20.94737,99,0
12-09-2018,t14,-0.141612746,1.98250756,-0.986044302,,98.75949,0
13-09-2018,t14,-0.141612746,1.98250756,-0.986044302,20.13889,99,344.25
14-09-2018,t14,-0.141612746,1.98250756,-0.986044302,22.50485,94.62136,2.25
15-09-2018,t14,-0.141612746,1.98250756,-0.986044302,22.41176,99,0
16-09-2018,t14,-0.141612746,1.98250756,-0.986044302,25.85542,82.31325,0
17-09-2018,t14,-0.141612746,1.98250756,-0.986044302,23.83333,99,0
05-07-2018,t15,0,0,0,24.92929,76.74545,13.51
06-07-2018,t15,0,0,0,25.78667,71.51333,0
07-07-2018,t15,0,0,0,27.61111,71.68056,0
08-07-2018,t15,5.428488578,6.292836641,6.369384071,25.5,71,26
09-07-2018,t15,5.428488578,6.292836641,6.369384071,24.59091,71,42
10-07-2018,t15,5.428488578,6.292836641,6.369384071,25.37736,96.0566,1140.75
11-07-2018,t15,5.428488578,6.292836641,6.369384071,25.85612,95.7554,0
12-07-2018,t15,5.428488578,6.292836641,6.369384071,26.08333,95.40152,0
13-07-2018,t15,5.428488578,6.292836641,6.369384071,24.54545,97.93388,0
14-07-2018,t15,5.428488578,6.292836641,6.369384071,25.93684,,0
19-07-2018,t15,4.73743539,5.574141326,5.629425581,28.53333,96.21667,0
20-07-2018,t15,4.75444593,5.564218511,5.597530819,25.94074,98.03704,357.75
21-07-2018,t15,,5.564218511,5.597530819,25.5,98.87143,0
22-07-2018,t15,,5.564218511,5.597530819,24.59854,99,31.5
23-07-2018,t15,4.75444593,5.564218511,5.597530819,25.38806,98.76866,0
24-07-2018,t15,4.75444593,5.564218511,5.597530819,24.69767,99,308.25
25-07-2018,t15,4.75444593,5.564218511,5.597530819,25.91262,98.78641,4.5
27-07-2018,t15,4.736726618,5.573432554,5.630134354,22.21429,99,18
28-07-2018,t15,4.736726618,5.573432554,5.630134354,21.72535,99,774
29-07-2018,t15,4.736726618,5.573432554,5.630134354,24.73239,98.85915,0
30-07-2018,t15,4.736726618,5.573432554,5.630134354,24.88732,97.58451,0
31-07-2018,t15,4.736726618,5.573432554,5.630134354,24.12409,98.41606,483.75
01-08-2018,t15,4.736726618,5.573432554,5.630134354,24.25954,98.62595,427.5
02-08-2018,t15,4.736726618,5.573432554,5.630134354,24.65493,97.73944,45
03-08-2018,t15,4.736726618,5.573432554,5.630134354,25.59859,98.6831,0
04-08-2018,t15,4.736726618,5.573432554,5.630134354,24.39007,99,105.75
05-08-2018,t15,4.736726618,5.573432554,5.630134354,22.03546,99,668.25
06-08-2018,t15,4.736726618,5.573432554,5.630134354,21.89437,99,207
07-08-2018,t15,4.736726618,5.573432554,5.630134354,21.35,99,375.75
08-08-2018,t15,4.736726618,5.573432554,5.630134354,23.98592,99,2.25
09-08-2018,t15,4.736726618,,5.630134354,24.66187,98.82014,1172.25
10-08-2018,t15,4.736726618,,5.630134354,24.30714,99,0
11-08-2018,t15,4.736726618,,5.630134354,23.94326,99,123.75
12-08-2018,t15,4.736726618,,5.630134354,23.58741,99,427.5
13-08-2018,t15,4.736726618,5.573432554,5.630134354,21.97826,99,1836
14-08-2018,t15,4.736726618,5.573432554,5.630134354,24.39437,98.21127,0
15-08-2018,t15,4.736726618,5.573432554,5.630134354,24.37589,97.55319,0
16-08-2018,t15,4.736726618,5.573432554,5.630134354,25.29496,98.35971,20.25
17-08-2018,t15,4.736726618,5.573432554,5.630134354,24.60993,98.74468,0
18-08-2018,t15,4.736726618,5.573432554,5.630134354,24.15493,99,22.5
19-08-2018,t15,4.736726618,5.573432554,5.630134354,25.11972,98.01408,0
20-08-2018,t15,4.736726618,5.573432554,5.630134354,25.0365,98.9708,15.75
21-08-2018,t15,4.736726618,5.573432554,5.630134354,23.19718,99,562.5
22-08-2018,t15,4.736726618,5.573432554,5.630134354,24.87143,98.85714,0
23-08-2018,t15,4.736726618,5.573432554,5.630134354,23.56738,99,1264.5
24-08-2018,t15,4.736726618,5.573432554,5.630134354,24.02113,98.96479,537.75
25-08-2018,t15,4.736726618,5.573432554,5.630134354,24.43165,97.94964,83.25
26-08-2018,t15,4.736726618,5.573432554,5.630134354,24.53676,97.69853,531
27-08-2018,t15,4.736726618,5.573432554,5.630134354,25.64789,96.69014,0
28-08-2018,t15,4.736726618,5.573432554,5.630134354,25.98582,96.8156,0
29-08-2018,t15,4.736726618,5.573432554,5.630134354,25.73759,96.63121,49.5
30-08-2018,t15,4.736726618,5.573432554,5.630134354,24.38298,98.79433,0
31-08-2018,t15,4.736726618,5.573432554,5.630134354,22.61644,98.9726,1311.75
16-09-2018,t15,4.736726618,5.573432554,5.629425581,26.83051,84.05085,0
29-10-2018,t15,4.736726618,5.573432554,5.629425581,15.9375,93.21875,0
30-10-2018,t15,4.736726618,5.573432554,5.629425581,17.8866,86.65979,0
31-10-2018,t15,4.736726618,5.573432554,5.629425581,17.29915,91.34188,0
01-11-2018,t15,4.736726618,5.573432554,5.629425581,16.375,96.81944,0
02-11-2018,t15,4.736726618,5.573432554,5.629425581,13.36885,98.18852,119.25
03-11-2018,t15,4.736726618,5.573432554,5.629425581,11.475,99,247.5
04-11-2018,t15,4.736726618,5.573432554,,13.61739,97.83478,0
05-11-2018,t15,4.736726618,5.573432554,,13.3913,97.40217,0
06-11-2018,t15,4.736726618,5.573432554,,13.13953,94.69767,0
07-11-2018,t15,4.736726618,5.573432554,,12.83486,92.15596,0
08-11-2018,t15,4.736726618,5.573432554,,12.83168,92.0099,0
09-11-2018,t15,4.736726618,5.573432554,5.629425581,12.81967,94.18033,0
10-11-2018,t15,4.736726618,5.573432554,5.629425581,12.96183,95.32824,0
11-11-2018,t15,,5.573432554,5.629425581,13.18627,94.64706,
12-11-2018,t15,4.736726618,5.573432554,5.629425581,14.54955,91.81081,0
13-11-2018,t15,4.736726618,5.573432554,5.629425581,13.37097,93.01613,0
14-11-2018,t15,4.736726618,5.573432554,5.629425581,12.58268,96.80315,454.5
15-11-2018,t15,4.736726618,5.573432554,5.629425581,10.08511,98.78723,101.25
16-11-2018,t15,4.753028385,5.562092194,5.598948364,7.6729,67.8972,0
17-11-2018,t15,4.753028385,5.562092194,5.598948364,7.6729,67.8972,0
18-11-2018,t15,4.753028385,5.562092194,5.598948364,7.6729,67.8972,0
19-11-2018,t15,4.753028385,5.562092194,5.598948364,7.6729,67.8972,0
20-11-2018,t15,4.753028385,5.562092194,5.598948364,7.6729,67.8972,0
21-11-2018,t15,4.753028385,5.562092194,5.598948364,7.6729,67.8972,0
22-11-2018,t15,4.753028385,5.562092194,5.598948364,7.6729,67.8972,0
23-11-2018,t15,4.753028385,5.562092194,5.598948364,7.6729,67.8972,0
24-11-2018,,4.753028385,5.562092194,5.598948364,7.6729,67.8972,0
25-11-2018,t15,4.753028385,5.562092194,5.598948364,7.6729,67.8972,0
21-06-2018,t6,0,0,0,27.44737,82,4
08-07-2018,t6,0,0,0,27.44737,82.55263,0
09-07-2018,t6,0,0,0,27.16429,90.05,119.25
10-07-2018,t6,0.002126318,0.01417545,-0.007087725,26.17742,93.20968,283.5
11-07-2018,t6,-0.051740393,-0.15592995,0.171522945,25.22917,94.20139,1062
12-07-2018,t6,-0.051740393,-0.15592995,0.171522945,25.81022,93.24088,11.25
13-07-2018,t6,0.035438625,-0.23247738,0.131122913,23.92361,97.74306,1554.75
14-07-2018,t6,0.039218745,-0.401165235,0.265317173,25.52778,93.59722,569.25
15-07-2018,t6,0.039218745,-0.401165235,0.265317173,26.25899,91.89209,357.75
16-07-2018,t6,0.152622345,-0.516340766,-0.569262446,24.50365,97.05109,1795.5
17-07-2018,,0.152622345,-0.516340766,-0.569262446,24.65248,97.39716,382.5
18-07-2018,t6,0.152622345,-0.516340766,-0.569262446,25.35915,95.17606,63
19-07-2018,t6,0.152622345,-0.516340766,-0.569262446,26.60993,90.1773,0
20-07-2018,t6,0.152622345,-0.516340766,-0.569262446,24.16667,99,11.25
25-07-2018,t6,0.131784434,-0.498621454,-0.600731945,26.39286,93.33929,353.25
26-07-2018,,0.131784434,-0.497912681,-0.600731945,23.29927,99,918
27-07-2018,t6,0.131784434,-0.497203909,-0.600731945,23.12143,98.90714,677.25
28-07-2018,t6,,-0.497203909,-0.602858263,22.68571,99,1689.75
29-07-2018,t6,0.094928264,-0.502165316,-0.57001847,21.97059,99,0
30-07-2018,t6,0.092801946,-0.471688099,-0.50197631,28.42222,79.02222,2.25
31-07-2018,t6,0.092801946,-0.471688099,-0.50197631,22.60714,99,4.5
03-08-2018,t6,0.092801946,-0.471688099,-0.50197631,26.33333,94.30556,2.25
04-08-2018,t6,0.084296676,-0.478067051,-0.52465703,24.2234,98.02128,42.75
05-08-2018,t6,0.084296676,-0.478067051,-0.52465703,21.92222,99,90
06-08-2018,t6,0.085005449,-0.475231961,-0.552299158,21.3871,99,65.25
07-08-2018,t6,0.085005449,-0.475231961,-0.552299158,21,99,51.75
08-08-2018,t6,0.083587904,-0.474523189,-0.550881613,24.33333,97.0625,24.75
09-08-2018,t6,0.083587904,-0.474523189,-0.550881613,24.78652,97.03371,22.5
10-08-2018,t6,0.083587904,-0.474523189,-0.550881613,24.94444,97.72222,0
11-08-2018,t6,0.083587904,-0.474523189,-0.550881613,24.43956,98.82418,0
12-08-2018,,0.106268624,-0.480193369,-0.519695623,23.43956,99,128.25
13-08-2018,t6,0.112647576,-0.477358279,-0.50764649,23.24719,99,141.75
14-08-2018,t6,0.116900211,-0.480193369,-0.521113168,24.94681,95.67021,18
15-08-2018,t6,,-0.480193369,-0.521113168,24.87912,95.69231,0
16-08-2018,t6,0.116900211,-0.480193369,-0.521113168,25.97849,95.88172,4.5
17-08-2018,t6,0.116900211,-0.480193369,-0.521113168,24.5,98.59375,6.75
18-08-2018,t6,0.116900211,-0.480193369,-0.521113168,23.65591,98.97849,38.25
19-08-2018,t6,0.116900211,-0.480193369,-0.521113168,25.95327,96.98131,0
20-08-2018,t6,0.116900211,-0.480193369,-0.521113168,25.23404,98.07447,24.75
21-08-2018,t6,0.116900211,-0.480193369,-0.521113168,23.34409,99,18
22-08-2018,t6,0.107686169,-0.495077591,-0.512607898,24.52632,98.45263,51.75
23-08-2018,t6,0.087840539,-0.510670586,-0.545211433,23.31868,99,105.75
24-08-2018,t6,-0.071633274,-0.730744448,-1.486106927,23.76842,98.87368,213.75
25-08-2018,t6,-0.071633274,-0.730744448,-1.486106927,24.36559,98.02151,4.5
26-08-2018,t6,-0.071633274,-0.730744448,-1.486106927,24.63736,97.10989,11.25
27-08-2018,t6,-0.071633274,-0.730744448,-1.486106927,25.0625,95.8125,
28-08-2018,t6,-0.071633274,-0.730744448,-1.486106927,25.24211,97.14737,2.25
29-08-2018,t6,-0.070373234,-0.725546783,-1.470592684,24.84783,98.11957,11.25
30-08-2018,t6,-0.070373234,-0.725546783,-1.470592684,24.32292,98.625,15.75
31-08-2018,t6,-0.068246917,-0.782957355,-1.613055957,24.23077,98.21978,38.25
01-09-2018,t6,-0.068483174,-0.782957355,-1.613528472,24.65217,97.69565,11.25
02-09-2018,t6,-0.068483174,-0.782957355,-1.613528472,23.28421,99,9
03-09-2018,t6,-0.068483174,-0.782957355,-1.613528472,23.19355,99,2.25
04-09-2018,t6,-0.068483174,-0.77586963,-1.597935477,23.8,98.9,83.25
05-09-2018,t6,-0.068483174,-0.782957355,-1.613528472,24.61111,98.25556,0
06-09-2018,t6,-0.068483174,-0.782957355,-1.613528472,25.29365,97.38095,0
07-09-2018,t6,-0.068483174,-0.782957355,-1.613528472,22.69444,98.90741,2.25
08-09-2018,,-0.068483174,-0.782957355,-1.613528472,22.99038,97.16346,2.25
09-09-2018,t6,-0.068483174,-0.782957355,-1.613528472,23.82105,98.31579,2.25
10-09-2018,t6,-0.068483174,-0.782957355,-1.613528472,24.06383,98.52128,0
11-09-2018,t6,-0.068483174,-0.77019945,-1.582342482,23.1236,98.95506,0
12-09-2018,t6,,-0.77019945,-1.582342482,22.03297,98.76923,4.5
13-09-2018,t6,-0.064230539,-0.762048566,-1.585886344,21.80682,98.93182,0
14-09-2018,t6,-0.064230539,-0.762048566,-1.585886344,20.90805,98.41379,4.5
15-09-2018,t6,-0.064230539,-0.762048566,-1.585886344,21.61458,98,0
16-09-2018,t6,-0.060686677,-0.757795931,-1.583760027,20.88043,97.46739,4.5
17-09-2018,t6,-0.060686677,-0.757795931,-1.583760027,20.43617,97.3617,0
18-09-2018,t6,-0.060686677,-0.757795931,-1.583760027,20.26042,97.97917,0
19-09-2018,t6,-0.060686677,-0.757795931,-1.583760027,20.64516,96.88172,0
20-09-2018,t6,-0.060686677,-0.757795931,-1.583760027,21.03371,96.83146,0
21-09-2018,t6,-0.060686677,-0.757795931,-1.583760027,22.61702,97.98936,0
22-09-2018,t6,-0.059977904,-0.757087159,-1.583760027,18.7033,99,0
23-09-2018,t6,-0.059977904,-0.757087159,-1.583760027,18.3871,99,2.25
24-09-2018,t6,-0.059977904,-0.757087159,-1.583760027,17.27473,99,0
25-09-2018,t6,-0.059977904,-0.757087159,-1.583760027,19.14894,99,0
26-09-2018,t6,-0.059977904,-0.757087159,-1.583760027,19.90323,98.88172,0
27-09-2018,t6,-0.059977904,-0.757087159,-1.583760027,20.76667,98.83333,0
28-09-2018,t6,-0.059977904,-0.757087159,-1.583760027,20.3913,98.94565,0
29-09-2018,t6,-0.059977904,-0.757087159,-1.583760027,19.75269,98.16129,0
30-09-2018,t6,-0.059977904,-0.757087159,-1.583760027,19.46739,98.56522,2.25
01-10-2018,t6,-0.059977904,-0.757087159,-1.583760027,18.95556,96.64444,0
02-10-2018,t6,-0.059977904,-0.757087159,-1.583760027,18.81915,93.12766,0
03-10-2018,t6,-0.059977904,-0.757087159,-1.583760027,18.51579,93.93684,4.5
04-10-2018,t6,-0.059977904,-0.757087159,-1.583760027,18.1087,86.59783,2.25
05-10-2018,t6,-0.059977904,-0.757087159,-1.583760027,17.59341,85.53846,2.25
06-10-2018,t6,-0.059977904,-0.757087159,,17.79775,82.65169,0
07-10-2018,t6,-0.072735809,-0.769136291,-1.596517932,17.1383,87.26596,4.5
08-10-2018,,-0.072735809,-0.769136291,-1.596517932,17.21053,91.73684,4.5
09-10-2018,t6,-0.072735809,-0.769136291,-1.596517932,18.71579,78.95789,0
10-10-2018,t6,,-0.769136291,-1.596517932,18.93548,73.74194,0
11-10-2018,t6,,-0.769136291,-1.596517932,16.26596,94.04255,2.25
12-10-2018,t6,-0.072735809,-0.769136291,-1.596517932,15.76344,94.82796,9
13-10-2018,t6,-0.072735809,-0.769136291,-1.596517932,15.90323,94.03226,4.5
14-10-2018,t6,-0.059977904,-0.752834524,-1.582342482,15.6875,95.35417,0
15-10-2018,t6,-0.059977904,-0.752834524,-1.582342482,15.88298,90.02128,0
16-10-2018,t6,-0.059977904,-0.752834524,-1.582342482,16.21505,78.68817,0
17-10-2018,t6,-0.059977904,-0.752834524,-1.582342482,16.36667,74.43333,0
18-10-2018,t6,-0.059977904,-0.752834524,-1.582342482,16.28125,78.19792,0
19-10-2018,t6,-0.059977904,-0.752834524,-1.582342482,16.5,74.69565,0
20-10-2018,t6,-0.059977904,-0.752834524,-1.582342482,15.76042,78.03125,0
21-10-2018,t6,-0.059977904,-0.752834524,-1.582342482,15.46053,83.98684,0
22-10-2018,t6,-0.059977904,-0.752834524,-1.582342482,12.78261,31,0
13-11-2018,t6,-0.096125302,-0.781894196,-1.571002122,15.51923,85.05769,2.25
14-11-2018,t6,-0.034462094,-0.524609779,-1.677317997,12.64894,94.52128,36
15-11-2018,t6,-0.034462094,-0.524609779,-1.677317997,10.74747,98.9899,9
16-11-2018,t6,-0.034462094,-0.524609779,-1.677317997,11.40777,97.05825,0
17-11-2018,t6,-0.034462094,-0.524609779,-1.677317997,11.42708,,0
18-11-2018,t6,-0.034462094,-0.524609779,-1.677317997,12.69072,88.42268,0
19-11-2018,t6,-0.034462094,-0.524609779,-1.677317997,12.41176,89.05882,0
28-06-2018,t7,0,0,0,24,90,0
29-06-2018,t7,0,-0.124035188,0.09922815,,84.65094,0
10-07-2018,t7,0,-0.124035188,0.09922815,22.07843,,3930.5
11-07-2018,t7,0,-0.124035188,0.09922815,26.05594,83.47552,36636.75
12-07-2018,t7,0.567018,0.63789525,0.872073684,26.2971,81.17391,40789
13-07-2018,t7,0.567018,0.63789525,0.872073684,16.80556,66.05556,637.5
15-07-2018,t7,-2.15750349,-2.16600876,-2.029640931,25.16667,83.92593,2470.5
18-07-2018,t7,-2.15750349,-2.16600876,-2.029640931,21.52,99,0
19-07-2018,t7,-2.15750349,-2.16600876,-2.029640931,24.21127,95.07042,63256.5
20-07-2018,t7,-2.15750349,-2.16600876,-2.029640931,23.71329,97.09091,54616.5
21-07-2018,t7,,,,,,
25-07-2018,t7,-2.15750349,-2.16600876,-2.029640931,24.39,99.72,0
28-07-2018,t7,-2.06678061,-2.24822637,-2.073584826,20.95652,99,11.25
29-07-2018,,-2.14899822,-2.150415765,-2.059409376,22.84375,99,580.5
30-07-2018,t7,-2.14899822,-2.150770151,-2.059409376,25.40816,98.2449,22.5
31-07-2018,t7,-2.14899822,-2.151478924,-2.058700604,21.14103,99,0
01-08-2018,t7,-2.14899822,-2.151478924,-2.058700604,23.0219,99,0
02-08-2018,t7,-2.14899822,-2.151478924,-2.058700604,24.29371,98.96503,0
03-08-2018,t7,-2.14899822,-2.151478924,-2.058700604,23.34266,99,0
04-08-2018,t7,-2.14899822,-2.151478924,-2.058700604,22.13986,99,0
05-08-2018,t7,-2.14899822,-2.151478924,-2.058700604,19.88732,99,0
06-08-2018,t7,-2.14899822,-2.151478924,-2.058700604,19.52113,99,0
07-08-2018,t7,-2.14899822,-2.151478924,-2.058700604,19.14184,99,0
08-08-2018,t7,-2.14899822,,,,99,
09-08-2018,t7,-2.14899822,-2.151478924,-2.058700604,23.62143,99,0
10-08-2018,t7,-2.14899822,-2.151478924,-2.058700604,23.48936,99,0
11-08-2018,t7,-2.14899822,-2.151478924,-2.058700604,22.96429,99,0
12-08-2018,t7,-2.14899822,-2.151478924,-2.058700604,21.82979,99,0
13-08-2018,t7,-2.14899822,-2.151478924,-2.058700604,21.46809,99,0
14-08-2018,t7,-2.14899822,-2.151478924,-2.058700604,23.59155,99,0
15-08-2018,t7,-2.14899822,-2.151478924,-2.058700604,23.85315,99,0
16-08-2018,t7,-2.14899822,-2.151478924,-2.058700604,24.7972,99,0
17-08-2018,t7,-2.14899822,-2.151478924,-2.058700604,22.93706,99,0
18-08-2018,t7,-2.14899822,-2.151478924,-2.058700604,22.27273,99,0
19-08-2018,t7,-2.14899822,-2.151478924,-2.058700604,23.97887,99,0
20-08-2018,t7,-2.14899822,-2.151478924,-2.058700604,24.13986,99,0
21-08-2018,t7,-2.14899822,-2.151478924,-2.058700604,21.84746,99,0
22-08-2018,t7,-2.14899822,-2.151478924,,23.48227,99,0
23-08-2018,t7,-2.14899822,-2.151478924,-2.058700604,21.92188,99,0
25-08-2018,t7,-2.14899822,-2.151478924,-2.058700604,21.7381,99,0
26-08-2018,t7,-2.14899822,-2.150770151,-2.058700604,23.40625,99,0
28-08-2018,t7,-0.573396953,-1.563906521,-3.302596341,25.59155,99,951.75
29-08-2018,t7,-0.533548188,-1.548943546,-3.334727361,22.91176,99,281.25
30-08-2018,t7,-0.535320119,-1.547171615,-3.341815086,23.07407,99,684
31-08-2018,t7,-0.656094953,-1.593667091,-3.243720972,22.49254,99,463.5
01-09-2018,t7,-0.470928137,-1.524561772,-3.393449163,23.13235,99,420.75
02-09-2018,,-0.470361119,-1.524136509,-3.393307408,21.43636,99,119.25
20-09-2018,t7,-0.470361119,-1.524136509,-3.393307408,24.70455,96.13636,0
21-09-2018,t7,-0.470361119,-1.524136509,-3.393307408,23.84615,96.05594,1329.75
22-09-2018,t7,-0.470361119,-1.524136509,-3.393307408,17.39716,99,0
23-09-2018,t7,-0.470361119,-1.524136509,-3.393307408,17.04196,99,0
24-09-2018,t7,-0.470361119,-1.524136509,-3.393307408,15.6993,99,0
25-09-2018,t7,-0.470361119,-1.524136509,-3.393307408,22.04225,95.30282,173.25
26-09-2018,t7,-0.470361119,-1.524136509,-3.393307408,23.72727,90.46154,211.5
27-09-2018,t7,-0.470361119,-1.524136509,-3.393307408,17.01852,99,45
28-09-2018,t7,-0.497294474,-1.539020731,-3.367082826,18.69697,99,0
29-09-2018,t7,-0.498003247,-1.539020731,-3.367082826,17.81111,99,51.75
30-09-2018,t7,-0.498003247,-1.539020731,-3.367082826,17.03175,98.98413,173.25
08-11-2018,t7,-0.498003247,-1.539020731,-3.367082826,23,63.2,0
29-06-2018,t8,0,0,0,25.66667,82.66667,0
10-07-2018,t8,,6.45549993,,,,
11-07-2018,t8,-8.01563707,6.135779099,3.85121203,15,51,1300.5
12-07-2018,t8,-8.0354827,6.352663484,3.4628047,18.33333,77.25,0
15-07-2018,t8,-8.479528672,6.016705319,7.13424625,22.9375,79.04688,326.25
18-07-2018,t8,-8.395083491,6.022848014,7.075519385,21.54286,95.6,54
19-07-2018,t8,-8.386223835,5.978195346,7.10245274,25.47887,85.52817,37928.25
20-07-2018,t8,,,,,,26178.75
21-07-2018,t8,-8.386932607,5.978904119,7.103870285,23.86713,95.11888,114.75
22-07-2018,t8,-8.462062492,6.188700779,7.268305505,22.76761,98.40845,3138.75
23-07-2018,t8,-8.478718646,6.222013086,7.297365178,24.36207,91.47414,3449.25
24-07-2018,t8,-8.501399366,6.216342906,7.344144163,22.31325,99,621
25-07-2018,t8,-8.501399366,6.216342906,7.344144163,23.77083,95.53472,18884.25
26-07-2018,t8,-7.582830206,5.808089946,6.595680403,21.58779,99,1818
27-07-2018,t8,-7.607814436,5.814468899,6.610564625,21.59028,98.99306,783
28-07-2018,t8,-7.169793031,5.899521599,6.202311665,22,99,9765
30-07-2018,t8,-6.009178063,5.323053299,5.19349214,24.83333,82.45455,2.25
31-07-2018,,-6.009178063,5.323053299,5.19349214,24.32394,91.50704,18976.5
01-08-2018,t8,-6.009178063,5.323053299,5.19349214,24.65041,84.87805,30393
03-08-2018,t8,-6.009178063,5.323053299,5.19349214,26.375,89.625,0
04-08-2018,t8,-6.009178063,5.323053299,5.19349214,,,949.5
05-08-2018,t8,-6.009178063,5.323053299,5.19349214,20.39326,99,99
06-08-2018,t8,-6.009178063,5.323053299,5.19349214,19.7,99,0
07-08-2018,t8,-6.009178063,5.323053299,5.19349214,19.35484,99,0
08-08-2018,t8,-6.009178063,5.323053299,5.19349214,23.23077,93.87912,2814.75
09-08-2018,t8,-6.009178063,5.323053299,5.19349214,22.63043,93.58696,0
10-08-2018,t8,-6.009178063,5.323053299,5.19349214,21.36364,99,0
12-08-2018,t8,-6.009178063,5.323053299,5.19349214,22.11111,98.77778,0
13-08-2018,t8,-6.009178063,5.323053299,5.19349214,23.84783,98.76087,0
14-08-2018,t8,-6.009178063,5.323053299,5.19349214,24.48438,91.51563,0
25-08-2018,t8,-6.009178063,5.323053299,5.19349214,22.73438,99,9
26-08-2018,t8,-6.009178063,5.323053299,5.19349214,23.73381,92.84892,438.75
27-08-2018,t8,-6.009178063,5.323053299,5.19349214,25.52482,84.83688,1559.25
28-08-2018,t8,-6.009178063,5.323053299,5.19349214,25.34043,87.46099,1039.5
29-08-2018,t8,-6.024062285,5.341623138,5.198878811,23.77305,95.33333,405
30-08-2018,t8,-6.024062285,5.341623138,5.198878811,23.67626,96.64748,582.75
31-08-2018,t8,-6.024062285,5.341623138,5.198878811,23.00741,95.22222,83.25
01-09-2018,t8,-6.024062285,5.341623138,5.198878811,23.68382,97.98529,234
02-09-2018,t8,-6.024062285,5.341623138,5.198878811,21.70504,98.96403,15.75
03-09-2018,t8,-6.024062285,5.341623138,5.198878811,22.13571,98.55,18
04-09-2018,t8,-6.024062285,5.341623138,5.198878811,22.66906,96.82014,666
05-09-2018,t8,-6.024062285,5.341623138,5.198878811,23.22857,98.28571,625.5
06-09-2018,t8,-6.024062285,5.341623138,5.198878811,25.02878,89.89209,1365.75
07-09-2018,t8,-6.024062285,5.341623138,5.198878811,23.82482,89.64234,1129.5
08-09-2018,t8,-6.024062285,5.341623138,5.198878811,23.13043,94.02899,587.25
09-09-2018,t8,-6.024062285,5.341623138,5.198878811,23.13571,96.58571,524.25
10-09-2018,t8,-6.024062285,5.341623138,5.198878811,23.26429,96.76429,317.25
11-09-2018,t8,-6.024062285,5.341623138,5.198878811,23.04412,97.01471,492.75
12-09-2018,t8,-6.024062285,5.341623138,5.198878811,22.80851,91.24113,920.25
13-09-2018,t8,-6.024062285,5.341623138,5.198878811,21.6875,97.88281,218.25
14-09-2018,t8,-6.024062285,5.341623138,5.198878811,22,86.6383,1158.75
15-09-2018,t8,-6.024062285,5.341623138,5.198878811,21.49296,93.75352,105.75
16-09-2018,t8,-6.024062285,5.341623138,5.198878811,22.71831,82.35211,2022.75
17-09-2018,t8,-6.024062285,5.341623138,5.198878811,22.67832,80.05594,2009.25
18-09-2018,t8,-6.530834623,5.632219863,3.579333649,21.31852,78.97037,25697.25
19-09-2018,t8,-6.530834623,5.632219863,3.579333649,24.06429,77.7,80000
20-09-2018,t8,-6.193175404,5.35962596,4.019906635,19.61654,62.57895,82037.25
21-09-2018,t8,-6.193175404,5.35962596,4.019906635,23.11972,88.14789,56319.75
22-09-2018,t8,-6.193175404,5.35962596,,17.30496,99,438.75
23-09-2018,,-6.193175404,5.35962596,4.019906635,17.05674,99,285.75
24-09-2018,t8,-6.193175404,5.35962596,4.019906635,16.06383,99,225
25-09-2018,t8,-6.193175404,5.35962596,4.019906635,20.52857,89.9,71968.5
26-09-2018,t8,-6.193175404,5.35962596,4.019906635,22.87943,81.44681,80000
27-09-2018,t8,-6.193175404,5.35962596,4.019906635,22.59712,85.61871,80000
28-09-2018,t8,-6.193175404,5.35962596,4.019906635,21.0922,92.57447,50242.5
29-09-2018,t8,-6.193175404,5.35962596,4.019906635,21.95652,82.65942,80000
30-09-2018,t8,-6.193175404,5.35962596,4.019906635,22.02878,81.56835,80000
01-10-2018,t8,-6.193175404,5.35962596,4.019906635,22.21583,71.4964,80000
02-10-2018,t8,-6.193175404,5.35962596,4.019906635,22.17606,58.61972,80000
03-10-2018,t8,-6.193175404,5.35962596,4.019906635,21.67626,59.14388,80000
04-10-2018,t8,-6.188450254,5.349939402,4.007384987,20.97163,52.95745,80000
05-10-2018,t8,-6.188450254,5.349939402,4.007384987,20.97203,47.06294,80000
06-10-2018,t8,-6.188450254,5.349939402,4.007384987,21.02817,46.29577,80000
07-10-2018,t8,-6.188450254,5.349939402,4.007384987,20.53147,49.30769,80000
08-10-2018,t8,-6.188450254,5.349939402,4.007384987,20.60839,57.76224,80000
09-10-2018,t8,-6.188450254,5.349939402,4.007384987,20.87234,50.57447,80000
10-10-2018,t8,-6.188450254,5.349939402,4.007384987,20.63504,46.32117,80000
11-10-2018,t8,-6.188450254,5.349939402,4.007384987,17.48921,70.2518,80000
12-10-2018,,-6.188450254,5.349939402,4.007384987,18.20863,73.5036,80000
13-10-2018,t8,-6.188450254,5.349939402,4.007384987,18.17986,71.82734,80000
14-10-2018,t8,-6.188450254,5.349939402,4.007384987,18.48227,70.85816,80000
15-10-2018,t8,-6.188450254,5.349939402,4.007384987,18.92308,61.07692,80000
16-10-2018,,-6.188450254,5.349939402,4.007384987,19.38462,45.17483,80000
17-10-2018,,-6.188450254,5.349939402,4.007384987,19.8227,39.35461,80000
18-10-2018,t8,-6.188450254,5.349939402,4.007384987,19.69784,42.64748,80000
19-10-2018,t8,-6.188450254,5.349939402,4.007384987,19.47794,40.71324,80000
20-10-2018,t8,-6.188450254,5.349939402,4.007384987,18.59155,45.50704,80000
21-10-2018,t8,-6.188450254,5.349939402,4.007384987,18.17143,49.1,80000
22-10-2018,t8,-6.188450254,5.349939402,4.007384987,17.7482,45.09353,80000
23-10-2018,t8,-6.188450254,5.349939402,4.007384987,17.57447,40.21277,80000
24-10-2018,t8,-6.188450254,5.349939402,4.007384987,16.78947,41.13534,80000
25-10-2018,t8,-6.188450254,5.349939402,4.007384987,17.94326,44.31206,80000
26-10-2018,t8,-6.188450254,5.349939402,4.007384987,17.84397,49.30496,80000
27-10-2018,t8,-6.188450254,5.349939402,4.007384987,17.92958,51.1831,80000
28-10-2018,t8,-6.193411661,5.349939402,4.013055167,18.33813,54.10791,80000
29-10-2018,t8,-6.193411661,5.349939402,4.013055167,18.4539,60.25532,80000
30-10-2018,t8,-6.193411661,5.349939402,4.013055167,17.95,80.03571,60675.75
31-10-2018,t8,-6.193411661,5.349939402,4.013055167,18.59155,77.21127,76068
01-11-2018,t8,-6.193411661,5.349939402,4.013055167,17.76596,86.99291,22250.25
02-11-2018,t8,-6.193411661,5.349939402,4.013055167,15.01481,80.38519,1809
03-11-2018,,-6.199081841,5.349939402,3.998879717,12.08511,98.73759,1226.25
04-11-2018,t8,-6.201208159,5.34923063,4.00242358,13.21831,98.30986,2637
05-11-2018,t8,-6.201208159,5.34923063,4.00242358,14.52817,84.00704,80000
06-11-2018,t8,-6.201208159,5.34923063,4.00242358,15.15603,65.51064,80000
07-11-2018,t8,-6.201208159,5.34923063,4.00242358,15.72535,68.6338,80000
08-11-2018,t8,-6.201208159,5.34923063,4.00242358,14.61972,80.19718,80000
09-11-2018,t8,-6.201208159,5.34923063,4.00242358,15.4,83.33571,80000
10-11-2018,t8,-6.201208159,5.34923063,4.00242358,15.49645,84.83688,80000
11-11-2018,t8,-6.201208159,5.34923063,4.00242358,15.27465,77.61268,80000
12-11-2018,t8,-6.200499386,5.354192037,4.005967442,16.43662,53.23944,37392.75
13-11-2018,t8,-6.200499386,5.354192037,4.005967442,13.82014,74.97842,1964.25
14-11-2018,t8,-6.200499386,5.354192037,4.005967442,12.98592,85.47887,49725
15-11-2018,t8,-6.200499386,5.354192037,4.005967442,12.23404,96.35461,80000
16-11-2018,t8,-6.200499386,5.354192037,4.005967442,13.71831,85.22535,80000
17-11-2018,t8,-6.143088814,5.245749845,3.96556741,13.16312,87.5461,71154
18-11-2018,t8,-6.143088814,5.245749845,3.96556741,15.2,66.54286,80000
19-11-2018,t8,-6.291931039,5.405223657,4.006912472,16.14685,65.66434,80000
20-11-2018,t8,-6.463170475,5.325841137,3.995572112,,68.88652,0
21-11-2018,t8,-6.463170475,5.325841137,3.995572112,15.47518,69.60993,0
22-11-2018,t8,-6.463170475,5.325841137,3.995572112,14.65248,76.13475,0
23-11-2018,t8,-6.463170475,5.325841137,3.995572112,14.95035,69.07092,0
24-11-2018,t8,-6.463170475,5.325841137,3.995572112,16.34266,59.11888,0
25-11-2018,t8,-6.463170475,5.325841137,3.995572112,17.05825,52.48544,4.5
10-07-2018,t9,1.42E-16,0,-8.51E-06,25,84,0
12-07-2018,t9,1.42E-16,0,-8.51E-06,15.26437,57.27586,20.25
13-07-2018,,1.42E-16,0,-8.51E-06,20.84615,97.94872,321.75
15-07-2018,t9,0.046070213,-0.061663208,0.04488042,16.06122,31,2.25
16-07-2018,t9,0.046070213,-0.061663208,0.04488042,13.5,57,688.5
18-07-2018,t9,0.066624615,-0.061663208,0.031413742,21.83333,91.38095,6.75
19-07-2018,t9,0.066624615,-0.061663208,0.03070497,25.81752,87.0292,2.25
20-07-2018,t9,0.066624615,-0.061663208,0.03070497,25.86131,88.64234,60.75
21-07-2018,t9,0.066624615,-0.061663208,0.03070497,24.77941,94.01471,765
22-07-2018,t9,0.066624615,-0.061663208,0.03070497,24.28889,97.35556,1125
23-07-2018,t9,0.066624615,-0.061663208,0.03070497,24.26866,93.75373,868.5
24-07-2018,t9,0.066624615,-0.061663208,0.03070497,23,98.36232,1107
25-07-2018,t9,0.066624615,-0.061663208,0.03070497,24.72993,95.37226,405
26-07-2018,t9,0.066624615,-0.061663208,0.03070497,22.56604,99,731.25
28-07-2018,t9,0.17294049,,0.71112657,20.96552,92.08621,157.5
29-07-2018,t9,0.17294049,0.11056851,0.71112657,,91.81119,12854.25
30-07-2018,t9,0.17294049,0.11056851,0.71112657,25.44366,81.44366,34879.5
31-07-2018,t9,0.17294049,0.11056851,0.71112657,24.38806,92.06716,4610.25
01-08-2018,t9,0.17294049,0.11056851,0.71112657,,91.75182,6210
02-08-2018,t9,0.17294049,0.11056851,0.71112657,24.82014,91.48921,10557
03-08-2018,t9,0.17294049,0.11056851,0.71112657,24.78723,95.21986,794.25
04-08-2018,t9,0.17294049,0.11056851,0.71112657,23.62963,98.68148,3451.5
05-08-2018,t9,0.17294049,0.11056851,0.71112657,21.68571,99,1536.75
06-08-2018,t9,0.17294049,,,,,
07-08-2018,t9,0.17294049,0.11056851,0.71112657,21.15267,99,731.25
08-08-2018,t9,0.17294049,0.11056851,0.71112657,23.83784,98.11712,3312
09-08-2018,t9,0.17294049,0.11056851,0.71112657,27.625,92.04167,18285.75
10-08-2018,t9,0.17294049,0.11056851,0.71112657,22,99,18
11-08-2018,t9,0.17294049,0.11056851,0.71112657,22.36585,99,1926
12-08-2018,t9,0.17294049,0.11056851,0.71112657,,97.64706,1818
13-08-2018,t9,0.17294049,0.11056851,0.71112657,21.8,99,3613.5
14-08-2018,t9,0.17294049,0.11056851,0.71112657,27.7,92.6,2893.5
15-08-2018,t9,0.17294049,0.11056851,0.71112657,25.43434,92.30303,23474.25
16-08-2018,t9,0.17294049,0.11056851,0.71112657,25.02062,96.02062,14042.25
17-08-2018,t9,0.17294049,0.11056851,0.71112657,23.92929,98.51515,243
18-08-2018,t9,0.17294049,0.11056851,0.71112657,21.32787,99,373.5
19-08-2018,t9,0.17294049,0.11056851,0.71112657,25.73684,97.42105,3647.25
20-08-2018,t9,0.17294049,0.11056851,0.71112657,25.41905,97.5619,5877
21-08-2018,t9,0.173176748,0.10489833,0.70923651,22.625,98.99038,47.25
22-08-2018,t9,0.173176748,0.10489833,0.70923651,21.52381,99,308.25
23-08-2018,t9,0.173176748,0.10489833,0.70923651,23.54839,99,936
24-08-2018,t9,0.173176748,0.10489833,0.70923651,25.12644,97.63218,10062
25-08-2018,t9,0.173176748,0.10489833,0.70923651,23.43846,98.57692,2029.5
26-08-2018,t9,0.173176748,0.10489833,0.70923651,23.61446,97.38554,17997.75
27-08-2018,t9,0.173176748,0.10489833,0.70923651,24.99248,93.83459,29517.75
28-08-2018,t9,0.190187288,0.094266743,0.639776805,25.49206,93.69048,32514.75
29-08-2018,t9,0.190187288,0.094266743,0.639776805,24.17647,96.78992,13943.25
30-08-2018,t9,0.190187288,0.094266743,0.639776805,23.7482,98.23022,4212
31-08-2018,t9,0.18806097,0.084343928,0.62985399,24.34314,98.16667,4691.25
01-09-2018,t9,0.198692558,0.183572078,0.683011927,24.06061,97.45455,7519.5
02-09-2018,t9,0.198692558,0.183572078,0.683011927,22.36364,99,2.25
03-09-2018,t9,0.198692558,0.183572078,0.683011927,21.64706,99,0
04-09-2018,t9,0.191888342,0.176767862,0.680176837,24.82609,96.71739,11112.75
05-09-2018,t9,0.191888342,0.176767862,0.680176837,23.83571,97.85,2821.5
06-09-2018,t9,-1.441123499,2.892784082,2.403911557,25.31387,92.86131,33941.25
07-09-2018,t9,-1.441123499,,,17.66412,59.25954,43643.25
08-09-2018,t9,-1.441123499,2.892784082,2.403911557,24.48936,89.48227,20664
09-09-2018,t9,-1.441123499,2.892784082,2.403911557,24.55319,93.56028,11144.25
10-09-2018,t9,-1.441123499,2.892784082,2.403911557,23.57447,89.75177,18587.25
11-09-2018,t9,-1.441123499,2.892784082,2.403911557,20.56115,78.13669,18373.5
12-09-2018,t9,-1.441123499,2.892784082,2.403911557,21.41304,74.28261,15646.5
13-09-2018,t9,-1.441123499,2.892784082,2.403911557,21.31915,87.67376,12915
14-09-2018,t9,-1.430491911,2.890746361,2.340830805,23,84.88372,49916.25
15-09-2018,t9,-1.430491911,2.890746361,2.340830805,17.74648,64.97183,24522.75
16-09-2018,t9,-1.430491911,2.890746361,2.340830805,24.36879,75.88652,75105
17-09-2018,t9,-1.430491911,2.890746361,2.340830805,24.12319,69.30435,73417.5
18-09-2018,t9,-1.430491911,2.890746361,2.340830805,23.87943,74.22695,70580.25
19-09-2018,t9,-1.430491911,2.890746361,2.340830805,24.56522,73.86232,78126.75
20-09-2018,t9,-1.585004316,2.894998996,2.732073225,24.00752,73.4812,56097
21-09-2018,t9,-1.585004316,2.894998996,2.732073225,22.60177,81.61947,6061.5
22-09-2018,t9,-1.585004316,2.894998996,2.732073225,17.79381,99,0
23-09-2018,t9,-1.585004316,2.894998996,2.732073225,17.96364,99,661.5
24-09-2018,t9,-1.585004316,2.894998996,2.732073225,16.9,99,1946.25
25-09-2018,t9,-1.585004316,2.894998996,2.732073225,21.77857,92.71429,38355.75
26-09-2018,t9,-1.585004316,2.894998996,2.732073225,23.64029,84.03597,55509.75
27-09-2018,t9,-1.585004316,2.894998996,2.732073225,22.96324,86.88971,43974
28-09-2018,t9,-1.585004316,2.894998996,2.732073225,21.25735,92.72059,6747.75
29-09-2018,t9,-1.585004316,2.894998996,2.732073225,23.05263,81.00752,54843.75
30-09-2018,t9,-1.585004316,2.894998996,2.732073225,23.08148,78.0963,59377.5
01-10-2018,t9,-1.585004316,2.894998996,2.732073225,22.6963,67.08889,58320
02-10-2018,t9,-1.585004316,2.894998996,2.732073225,23.03008,59.05263,60963.75
03-10-2018,t9,-1.585004316,2.894998996,2.732073225,22.99248,60.44361,63342
04-10-2018,t9,-1.585004316,2.894998996,2.732073225,21.75714,58.46429,67378.5
05-10-2018,t9,-1.585004316,2.894998996,2.732073225,22.28777,51.56835,70929
06-10-2018,t9,-1.585004316,2.894998996,2.732073225,22.71942,45.53237,73158.75
07-10-2018,t9,-1.585004316,,,22.00735,50.90441,71367.75
08-10-2018,t9,-1.585004316,2.894998996,2.732073225,21.62319,58.73913,73838.25
09-10-2018,t9,-1.585004316,2.894998996,2.732073225,22.24286,49.10714,46732.5
10-10-2018,t9,-1.585004316,2.894998996,2.732073225,22.33577,47.94891,48429
11-10-2018,t9,-1.585004316,2.894998996,2.732073225,19.19424,70.53237,67830.75
12-10-2018,t9,-1.585004316,2.894998996,2.732073225,19.78873,66.08451,75447
13-10-2018,t9,-1.585004316,2.894998996,2.732073225,18.12057,54.14184,74646
14-10-2018,t9,-1.585004316,2.894998996,2.732073225,19.88571,64.58571,75402
15-10-2018,t9,-1.585004316,2.894998996,2.732073225,20.05755,59.7554,75723.75
16-10-2018,t9,-1.585004316,2.894998996,2.732073225,20.55,49.15,74254.5
17-10-2018,t9,-1.585004316,,2.732073225,22.11429,38.45,75201.75
18-10-2018,t9,-1.585004316,2.894998996,2.732073225,21.65734,42.81119,77044.5
19-10-2018,t9,-1.585004316,2.894998996,2.732073225,21.7234,40.88652,74472.75
20-10-2018,t9,-1.585004316,2.894998996,2.732073225,20.45324,44.31655,77503.5
21-10-2018,t9,-1.585004316,2.894998996,2.732073225,19.75524,50.54545,78180.75
22-10-2018,t9,-1.585004316,2.894998996,2.732073225,19.49645,45.87943,79915.5
23-10-2018,t9,-1.585004316,2.894998996,2.732073225,19.80142,40.90071,80583.75
24-10-2018,t9,-1.585004316,2.894998996,2.732073225,16.35075,38.27612,80482.5
25-10-2018,t9,-1.585004316,2.894998996,2.732073225,19.32394,48.47887,79337.25
26-10-2018,t9,-1.585004316,2.894998996,2.732073225,19.47857,48.96429,79317
27-10-2018,t9,-1.585004316,2.894998996,2.732073225,19.05147,53.32353,70823.25
28-10-2018,t9,-1.585004316,2.894998996,2.732073225,20,53.16547,75638.25
29-10-2018,t9,-1.585004316,2.894998996,2.732073225,20.32143,55.32143,73752.75
30-10-2018,t9,-1.585004316,2.894998996,2.732073225,19.61429,65.72143,65893.5
31-10-2018,t9,-1.585004316,2.894998996,2.732073225,20.63971,61.25,72774
01-11-2018,t9,-1.585004316,2.894998996,2.732073225,19.05185,63.71111,7773.75
02-11-2018,t9,-1.585004316,2.894998996,2.732073225,15.84672,62.52555,1095.75
03-11-2018,t9,-1.585004316,2.894998996,2.732073225,13.67391,79.41304,2340
04-11-2018,t9,-1.585004316,2.894998996,2.732073225,13.71127,76.48592,12037.5
05-11-2018,t9,-1.585004316,2.894998996,2.732073225,16.32857,61.22143,79839
06-11-2018,t9,-1.585004316,2.894998996,,16.90071,,78633
07-11-2018,t9,-1.585004316,2.894998996,2.732073225,17.42958,56.38028,78779.25
08-11-2018,t9,-1.585004316,2.894998996,2.732073225,16.46429,63.22857,76662
09-11-2018,t9,-1.585004316,2.894998996,2.732073225,16.61268,63.25352,67252.5
10-11-2018,t9,-1.585004316,2.894998996,2.732073225,17.02113,62.82394,74913.75
11-11-2018,t9,-1.585004316,2.894998996,2.732073225,15.70213,57.56028,4869
12-11-2018,t9,-1.585004316,2.894998996,2.732073225,17.97857,48.53571,41618.25
13-11-2018,t9,-1.585004316,2.894998996,2.732073225,14.91489,57.02837,2427.75
14-11-2018,t9,-1.585004316,2.894998996,2.732073225,15.5,65.21875,58443.75
15-11-2018,t9,-1.585004316,2.894998996,2.732073225,13.7554,78.48201,74173.5
16-11-2018,t9,-1.585004316,2.894998996,2.732073225,14.48936,68.92908,72445.5
17-11-2018,t9,-1.585004316,2.894998996,2.732073225,14.19424,70.25899,65873.25
18-11-2018,t9,-1.585004316,2.894998996,2.732073225,16.1844,56.48936,67675.5
19-11-2018,t9,-1.585004316,2.894998996,2.732073225,13.16901,35.44366,61989.75
20-11-2018,t9,,,,,,
21-11-2018,t9,,,,,,
22-11-2018,t9,-1.585004316,2.894998996,2.732073225,15.52482,63.16312,65301.75
23-11-2018,t9,-1.585004316,2.894998996,2.732073225,15.8156,59.21277,73534.5
24-11-2018,t9,-1.585004316,2.894998996,2.732073225,16.58571,54.63571,72283.5
25-11-2018,t9,-1.585004316,2.894998996,2.732073225,17.9,49.41,71799.75
